[
  {
    "Id": "3a3783aa-6df1-45c2-baf4-f0998594c33b",
    "Name": "重3D",
    "CreatedDate": "2025-07-14T03:18:53.4611727+08:00",
    "FontFamily": "隶书",
    "FontSize": 119.0,
    "LetterSpacing": 0.0,
    "TopColor": "#FF000000",
    "TopOutlineEnabled": false,
    "TopOutlineThickness": 1.0,
    "TopOutlineColor": "#FF000000",
    "TopShadowEnabled": false,
    "TopShadowColor": "#FF808080",
    "TopShadowBlur": 5.0,
    "TopShadowDistance": 3.0,
    "TopShadowTransparency": 0.8,
    "MiddleColor": "#FFFFFFFF",
    "MiddleOutline": 30.0,
    "MiddleShadowEnabled": true,
    "MiddleShadowColor": "#FF085C2B",
    "MiddleShadowBlur": 0.0,
    "MiddleShadowDistance": 5.0,
    "MiddleShadowTransparency": 0.0,
    "BottomColor": "#FF008000",
    "BottomOutline": 48.0,
    "BottomShadowEnabled": true,
    "BottomShadowColor": "#FF06391C",
    "BottomShadowBlur": 0.0,
    "BottomShadowDistance": 6.0,
    "BottomShadowTransparency": 0.0
  },
  {
    "Id": "563d4269-ca68-45a3-921c-f4b24e7957a4",
    "Name": "轻3D",
    "CreatedDate": "2025-07-14T03:43:37.4367027+08:00",
    "FontFamily": "隶书",
    "FontSize": 119.0,
    "LetterSpacing": 0.0,
    "TopColor": "#FFEF9341",
    "TopOutlineEnabled": true,
    "TopOutlineThickness": 1.0,
    "TopOutlineColor": "#FF83440C",
    "TopShadowEnabled": true,
    "TopShadowColor": "#FF795548",
    "TopShadowBlur": 0.0,
    "TopShadowDistance": 3.0,
    "TopShadowTransparency": 0.85,
    "MiddleColor": "#FFFFFFFF",
    "MiddleOutline": 30.0,
    "MiddleShadowEnabled": true,
    "MiddleShadowColor": "#FFA82D21",
    "MiddleShadowBlur": 0.0,
    "MiddleShadowDistance": 3.0,
    "MiddleShadowTransparency": 0.0,
    "BottomColor": "#FFE74C3C",
    "BottomOutline": 48.0,
    "BottomShadowEnabled": true,
    "BottomShadowColor": "#FF6C1A12",
    "BottomShadowBlur": 0.0,
    "BottomShadowDistance": 2.0,
    "BottomShadowTransparency": 0.05
  }
]